bom_ref,component,asset_type,name,family,primitive,key_size,mode,curve,oid,confidence,usage,zone,transit,at_rest,signing_only,quantum_class,hndl_applicable,lifetime_years,migration_years,z_years,mosca_gap,tier,priority,agility,deadline_year,recommended,alternative,hybrid,effort_weeks,vex,location,line,collectors
urn:ecdat:algorithm:31a4f2002a1b,payments-api,algorithm,RSA,RSASSA-PKCS1,pke,2048,,,1.2.840.113549.1.1.1,high,security,external,False,True,False,broken,True,10.0,3.8,15.0,'-1.2,ACT_NOW,5.0,30,2029,ML-KEM-768,X25519MLKEM768,True,8.4,affected,payments/auth.py,12,source
urn:ecdat:algorithm:eadc5e897c58,payments-api,algorithm,SHA-256,SHA-2,hash,,,,2.16.840.1.101.3.4.2.1,high,security,external,False,False,False,safe,False,10.0,3.88,15.0,'-1.12,SAFE,0.0,28,2033,,,False,0.0,in_triage,utils/cache.py,10,source
urn:ecdat:algorithm:a432f9b8d246,payments-api,algorithm,ECDSA,ECDSA,signature,,,secp256r1,1.2.840.10045.4.3.2,high,security,external,False,False,True,broken,False,10.0,3.8,15.0,'-1.2,ACT_NOW,5.0,30,2029,ML-DSA-65,SLH-DSA-SHA2-128s,True,8.4,affected,payments/auth.py,20,source
urn:ecdat:algorithm:b21487acc632,payments-api,algorithm,AES-256,AES,block-cipher,256,GCM,,2.16.840.1.101.3.4.1.46,high,security,external,False,True,False,safe,False,10.0,3.6,15.0,'-1.4,SAFE,0.0,35,,,,False,0.0,in_triage,payments/auth.py,25,source
urn:ecdat:algorithm:d8cbc5290e0a,payments-api,algorithm,SHA-1,SHA-1,hash,,,,1.3.14.3.2.26,high,test,external,False,False,False,legacy-broken,False,10.0,3.76,15.0,'-1.24,SAFE,0.0,31,,,,False,0.0,not_affected,tests/test_auth.py,6,source
urn:ecdat:algorithm:1bb6f6fd8ace,payments-api,algorithm,MD5,MD5,hash,,,,1.2.840.113549.2.5,high,non-security,external,False,False,False,legacy-broken,False,10.0,3.76,15.0,'-1.24,SAFE,0.0,31,,,,False,0.0,not_affected,utils/cache.py,6,opengrep|source
urn:ecdat:algorithm:7f6dfb4bee50,core-banking,algorithm,MD5,MD5,hash,,,,1.2.840.113549.2.5,high,security,internal,False,False,False,legacy-broken,False,10.0,3.72,15.0,'-1.28,ACT_NOW,5.0,32,2026,SHA-256,SHA3-256,False,8.2,affected,PaymentCrypto.java,14,opengrep|source
urn:ecdat:algorithm:3daa1d763526,core-banking,algorithm,AES,AES,block-cipher,,CBC,,,high,security,internal,False,True,False,weakened,True,10.0,3.48,15.0,'-1.52,MONITOR,2.0,38,2029,AES-256,ChaCha20,False,7.7,in_triage,PaymentCrypto.java,8,source
urn:ecdat:algorithm:9c45dbfdaf9a,core-banking,algorithm,RSA,RSASSA-PKCS1,pke,2048,,,1.2.840.113549.1.1.1,high,security,internal,False,True,False,broken,True,10.0,3.72,15.0,'-1.28,ACT_NOW,4.0,32,2029,ML-KEM-768,X25519MLKEM768,True,8.2,affected,PaymentCrypto.java,9,source
urn:ecdat:algorithm:894f32482cb1,core-banking,algorithm,ECDSA,ECDSA,signature,,,,1.2.840.10045.4.3.2,high,security,internal,False,False,True,broken,False,10.0,3.72,15.0,'-1.28,ACT_NOW,4.0,32,2029,ML-DSA-65,SLH-DSA-SHA2-128s,True,8.2,affected,PaymentCrypto.java,13,source
urn:ecdat:algorithm:1fc7c5eb60a7,core-banking,algorithm,3DES,3DES,block-cipher,168,CBC,,1.2.840.113549.3.7,high,security,internal,False,True,False,legacy-broken,False,10.0,3.72,15.0,'-1.28,ACT_NOW,5.0,32,2026,AES-256-GCM,ChaCha20,False,8.2,affected,PaymentCrypto.java,15,opengrep|source
urn:ecdat:algorithm:64edceb25245,gateway,algorithm,ECDSA,ECDSA,signature,,,secp256r1,1.2.840.10045.4.3.2,high,security,external,False,False,True,broken,False,5.0,3.48,15.0,'-6.52,ACT_NOW,3.5,38,2029,ML-DSA-65,SLH-DSA-SHA2-128s,True,7.7,affected,main.go,18,source
urn:ecdat:algorithm:625e47880872,gateway,algorithm,SHA-256,SHA-2,hash,,,,2.16.840.1.101.3.4.2.1,high,security,external,False,False,False,safe,False,5.0,3.32,15.0,'-6.68,SAFE,0.0,42,2033,,,False,0.0,in_triage,main.go,19,source
urn:ecdat:algorithm:5af6195b964c,gateway,algorithm,RSA,RSASSA-PKCS1,pke,4096,,,1.2.840.113549.1.1.1,high,security,external,False,True,False,broken,True,5.0,3.48,15.0,'-6.52,ACT_NOW,3.5,38,2029,ML-KEM-768,X25519MLKEM768,True,7.7,affected,main.go,17,source
urn:ecdat:algorithm:095439cb237c,gateway,algorithm,AES,AES,block-cipher,,GCM,,,high,security,external,False,True,False,weakened,True,5.0,3.48,15.0,'-6.52,MONITOR,1.75,38,2029,AES-256,ChaCha20,False,7.7,in_triage,main.go,20,source
urn:ecdat:protocol:faa5a5e5d51d,gateway,protocol,TLS,TLS,other,,,,,medium,security,external,True,False,False,broken,True,5.0,0.5,15.0,'-9.5,MONITOR,1.75,67,2029,X25519MLKEM768,ML-KEM-768,True,2.6,in_triage,main.go,22,source
urn:ecdat:algorithm:570f1cb2bd8d,web-portal,algorithm,MD5,MD5,hash,,,,1.2.840.113549.2.5,high,security,external,False,False,False,legacy-broken,False,7.0,3.8,15.0,'-4.2,ACT_NOW,4.625,30,2026,SHA-256,SHA3-256,False,8.4,affected,server.js,6,source
urn:ecdat:algorithm:1da18b379731,web-portal,algorithm,SHA-256,SHA-2,hash,,,,2.16.840.1.101.3.4.2.1,low,comment,external,False,False,False,safe,False,7.0,3.64,15.0,'-4.36,SAFE,0.0,34,,,,False,0.0,not_affected,server.js,1,source
urn:ecdat:algorithm:ab9d79a89827,web-portal,algorithm,AES-256,AES,ae,256,GCM,,2.16.840.1.101.3.4.1.46,high,security,external,False,True,False,safe,False,7.0,3.8,15.0,'-4.2,SAFE,0.0,30,,,,False,0.0,in_triage,server.js,10,source
urn:ecdat:algorithm:e97c7ad6be8c,web-portal,algorithm,RSA,RSASSA-PKCS1,pke,2048,,,1.2.840.113549.1.1.1,high,security,external,False,True,False,broken,True,7.0,3.8,15.0,'-4.2,ACT_NOW,3.7,30,2029,ML-KEM-768,X25519MLKEM768,True,8.4,affected,server.js,14,source
urn:ecdat:algorithm:3a0628b17e22,web-portal,algorithm,RSA,RSASSA-PKCS1,pke,1024,,,1.2.840.113549.1.1.1,high,security,external,False,True,False,legacy-broken,False,7.0,3.76,15.0,'-4.24,ACT_NOW,4.625,31,2026,ML-KEM-768,X25519MLKEM768,True,8.3,affected,server.js,15,source
urn:ecdat:algorithm:acd04d722012,web-portal,algorithm,HMAC,HMAC,mac,,,,1.2.840.113549.2.9,high,security,external,False,False,False,safe,False,7.0,3.6,15.0,'-4.4,SAFE,0.0,35,,,,False,0.0,in_triage,server.js,16,source
urn:ecdat:algorithm:b0e1f88835b6,legacy-hsm-agent,algorithm,MD5,MD5,hash,,,,1.2.840.113549.2.5,high,security,internal,False,False,False,legacy-broken,False,30.0,3.8,15.0,18.8,ACT_NOW,7.5,30,2026,SHA-256,SHA3-256,False,8.4,affected,legacy.c,18,source
urn:ecdat:algorithm:ebd7d4dad674,legacy-hsm-agent,algorithm,SHA-1,SHA-1,hash,,,,1.3.14.3.2.26,high,security,internal,False,False,False,legacy-broken,False,30.0,3.8,15.0,18.8,ACT_NOW,7.5,30,2026,SHA-256,SHA3-256,False,8.4,affected,legacy.c,21,source
urn:ecdat:algorithm:961d8b42dff6,legacy-hsm-agent,algorithm,RSA,RSASSA-PKCS1,pke,2048,,,1.2.840.113549.1.1.1,high,security,internal,False,True,False,broken,True,30.0,3.8,15.0,18.8,EXPOSED,9.0,30,2029,ML-KEM-768,X25519MLKEM768,True,8.4,affected,legacy.c,9,source
urn:ecdat:algorithm:ce89b1566675,legacy-hsm-agent,algorithm,AES-128,AES,block-cipher,128,,,2.16.840.1.101.3.4.1.6,high,security,internal,False,True,False,weakened,True,30.0,3.8,15.0,18.8,ACT_NOW,6.0,30,2029,AES-256,ChaCha20,False,8.4,affected,legacy.c,13,source
urn:ecdat:protocol:6fed784f7ae1,edge-lb,protocol,TLS,TLS,other,,,,,high,security,external,True,False,False,broken,True,5.0,0.5,15.0,'-9.5,MONITOR,1.75,81,2029,X25519MLKEM768,ML-KEM-768,True,1.9,in_triage,nginx.conf,7,source
urn:ecdat:algorithm:770ca6e7c7ad,edge-lb,algorithm,ECDH,ECDH,key-agree,,,,1.3.132.1.12,high,security,external,True,False,False,broken,True,5.0,0.5,15.0,'-9.5,MONITOR,1.75,74,2029,X25519MLKEM768,ML-KEM-768,True,2.4,in_triage,nginx.conf,8,source|theia
urn:ecdat:algorithm:a4fdd1ec041d,edge-lb,algorithm,RSA,RSASSA-PKCS1,pke,,,,1.2.840.113549.1.1.1,high,security,external,True,False,False,broken,True,5.0,0.5,15.0,'-9.5,MONITOR,1.75,74,2029,ML-KEM-768,X25519MLKEM768,True,2.4,in_triage,nginx.conf,8,source|theia
urn:ecdat:algorithm:891ec4064fcf,edge-lb,algorithm,AES-256,AES,block-cipher,256,GCM,,2.16.840.1.101.3.4.1.46,high,security,external,True,False,False,safe,False,5.0,0.5,15.0,'-9.5,SAFE,0.0,74,,,,False,0.0,in_triage,nginx.conf,8,source|theia
urn:ecdat:algorithm:19a9e1ca5436,edge-lb,algorithm,SHA-384,SHA-2,hash,,,,2.16.840.1.101.3.4.2.2,high,security,external,True,False,False,safe,False,5.0,0.5,15.0,'-9.5,SAFE,0.0,74,,,,False,0.0,in_triage,nginx.conf,8,source|theia
urn:ecdat:algorithm:e8d5c4fff572,edge-lb,algorithm,ECDSA,ECDSA,signature,,,secp256r1,1.2.840.10045.4.3.2,high,security,external,True,False,False,broken,False,5.0,0.5,15.0,'-9.5,MONITOR,1.75,73,2029,ML-DSA-65,SLH-DSA-SHA2-128s,True,2.5,in_triage,nginx.conf,8,source|theia
urn:ecdat:algorithm:fe3b78796787,edge-lb,algorithm,ChaCha20,ChaCha20,ae,256,,,1.2.840.113549.1.9.16.3.18,high,security,external,True,False,False,safe,False,5.0,0.5,15.0,'-9.5,SAFE,0.0,74,,,,False,0.0,in_triage,nginx.conf,8,source|theia
urn:ecdat:protocol:68cf647e08c9,edge-lb,protocol,TLS,TLS,other,,,,,high,security,external,True,False,False,broken,True,5.0,0.5,15.0,'-9.5,MONITOR,1.75,81,2029,X25519MLKEM768,ML-KEM-768,True,1.9,in_triage,openssl.cnf,11,source|theia
urn:ecdat:algorithm:6361c9fe0210,edge-lb,algorithm,SHA-256,SHA-2,hash,,,,2.16.840.1.101.3.4.2.1,medium,security,external,False,False,False,safe,False,5.0,7.76,15.0,'-2.24,SAFE,0.0,28,2030,,,False,0.0,in_triage,openssl.cnf,,theia
urn:ecdat:algorithm:d0d395475f0c,edge-lb,algorithm,SHA-1,SHA-1,hash,,,,1.3.14.3.2.26,medium,security,external,False,False,False,legacy-broken,False,5.0,7.76,15.0,'-2.24,ACT_NOW,4.375,28,2026,SHA-256,SHA3-256,False,8.5,affected,openssl.cnf,,theia
urn:ecdat:algorithm:74413bef385b,edge-lb,algorithm,DH,FFDH,key-agree,,,,1.2.840.10046.2.1,medium,security,external,True,False,False,broken,True,5.0,7.76,15.0,'-2.24,ACT_NOW,3.5,28,2029,X25519MLKEM768,ML-KEM-768,True,8.5,affected,openssl.cnf,,theia
urn:ecdat:algorithm:a47a6f1ccc9a,edge-lb,algorithm,AES-128,AES,block-cipher,128,,,2.16.840.1.101.3.4.1.6,medium,security,external,False,True,False,weakened,True,5.0,7.76,15.0,'-2.24,MONITOR,1.75,28,2029,AES-256,ChaCha20,False,8.5,in_triage,openssl.cnf,,theia
urn:ecdat:certificate:cc93b608cf87,pki,certificate,pay.zoo.local,X.509,other,2048,,,1.2.840.113549.1.1.11,high,security,external,True,False,False,broken,True,5.0,0.5,15.0,'-9.5,MONITOR,1.75,70,2029,ML-DSA-65 certificate (re-issue when the CA supports FIPS 204; hybrid/dual certificates during transition),SLH-DSA-SHA2-128s certificate,True,2.9,in_triage,pay.p12,,certificate|theia
urn:ecdat:algorithm:35938ce916bd,pki,algorithm,RSA,RSASSA-PKCS1,pke,2048,,,1.2.840.113549.1.1.1,high,security,external,False,True,False,broken,True,5.0,3.92,15.0,'-6.08,ACT_NOW,3.5,27,2029,ML-KEM-768,X25519MLKEM768,True,14.9,affected,keystore.jks,,certificate|theia
urn:ecdat:algorithm:84f1b4b7bf8d,pki,algorithm,SHA-256,SHA-2,hash,,,,2.16.840.1.101.3.4.2.1,high,security,external,False,False,False,safe,False,5.0,3.92,15.0,'-6.08,SAFE,0.0,27,2033,,,False,0.0,in_triage,keystore.jks,,certificate|theia
urn:ecdat:certificate:cb2c8f6bb66e,pki,certificate,ECDAT Zoo Root CA,X.509,other,4096,,,1.2.840.113549.1.1.11,high,security,external,True,False,False,broken,True,5.0,0.5,15.0,'-9.5,MONITOR,1.75,68,2029,ML-DSA-65 certificate (re-issue when the CA supports FIPS 204; hybrid/dual certificates during transition),SLH-DSA-SHA2-128s certificate,True,3.2,in_triage,keystore.jks,,certificate|theia
urn:ecdat:algorithm:ad9528ceaa3e,pki,algorithm,RSA,RSASSA-PKCS1,pke,4096,,,1.2.840.113549.1.1.1,high,security,external,True,False,False,broken,True,5.0,3.68,15.0,'-6.32,ACT_NOW,3.5,33,2029,ML-KEM-768,X25519MLKEM768,True,10.3,affected,keystore.jks,,certificate
urn:ecdat:certificate:4d81663e0a61,pki,certificate,api.zoo.local,X.509,other,256,,secp256r1,1.2.840.113549.1.1.12,high,security,external,False,False,True,broken,False,5.0,0.5,15.0,'-9.5,MONITOR,1.75,76,2029,ML-DSA-65 certificate (re-issue when the CA supports FIPS 204; hybrid/dual certificates during transition),SLH-DSA-SHA2-128s certificate,True,2.2,in_triage,ecdsa_p256.crt,1,certificate
urn:ecdat:algorithm:69ecbec9e8a1,pki,algorithm,ECDSA,ECDSA,signature,256,,secp256r1,1.2.840.10045.4.3.2,high,security,external,False,False,True,broken,False,5.0,3.52,15.0,'-6.48,ACT_NOW,3.5,37,2029,ML-DSA-65,SLH-DSA-SHA2-128s,True,8.4,affected,modern.jks,,certificate|theia
urn:ecdat:algorithm:75e54c2c0ff2,pki,algorithm,SHA-384,SHA-2,hash,,,,2.16.840.1.101.3.4.2.2,high,security,external,False,False,False,safe,False,5.0,3.44,15.0,'-6.56,SAFE,0.0,39,,,,False,0.0,in_triage,ecdsa_p256.crt,1,certificate|theia
urn:ecdat:material:0f858bc98d4d,pki,related-crypto-material,private-key:RSA,RSA,other,2048,,,,high,security,external,False,True,False,broken,True,5.0,1.0,15.0,'-9.0,MONITOR,1.75,70,2029,,,False,3.6,in_triage,keystore.jks,,certificate
urn:ecdat:certificate:e524b2c61740,pki,certificate,jks.zoo.local,X.509,other,2048,,,1.2.840.113549.1.1.11,high,security,external,True,False,False,broken,True,5.0,0.5,15.0,'-9.5,MONITOR,1.75,76,2029,ML-DSA-65 certificate (re-issue when the CA supports FIPS 204; hybrid/dual certificates during transition),SLH-DSA-SHA2-128s certificate,True,2.2,in_triage,keystore.jks,,certificate
urn:ecdat:certificate:4cfb74a0d4d2,pki,certificate,api.zoo.local,X.509,other,256,,secp256r1,1.2.840.10045.4.3.2,high,security,external,False,False,True,broken,False,5.0,0.5,15.0,'-9.5,MONITOR,1.75,74,2029,ML-DSA-65 certificate (re-issue when the CA supports FIPS 204; hybrid/dual certificates during transition),SLH-DSA-SHA2-128s certificate,True,2.4,in_triage,modern.jks,,certificate|theia
urn:ecdat:material:dbe8e4a2cb67,pki,related-crypto-material,private-key:ECDSA,ECDSA,other,256,,secp256r1,,high,security,external,False,False,True,broken,False,5.0,1.0,15.0,'-9.0,MONITOR,1.75,70,2029,,,False,3.6,in_triage,modern.jks,,certificate
urn:ecdat:material:692564c5c000,pki,related-crypto-material,private-key:RSA,RSA,other,2048,,,,high,security,external,False,True,False,broken,True,5.0,1.0,15.0,'-9.0,MONITOR,1.75,70,2029,,,False,3.6,in_triage,pay.p12,,certificate
urn:ecdat:material:d59775360de4,pki,related-crypto-material,private-key:RSA,RSA,other,1024,,,,high,security,external,False,True,False,legacy-broken,False,5.0,1.0,15.0,'-9.0,ACT_NOW,4.375,70,2026,,,False,3.6,affected,rsa1024.key,1,certificate|theia
urn:ecdat:algorithm:2b6294979135,pki,algorithm,RSA,RSASSA-PKCS1,pke,1024,,,1.2.840.113549.1.1.1,high,security,external,True,False,False,legacy-broken,False,5.0,3.48,15.0,'-6.52,ACT_NOW,4.375,38,2026,ML-KEM-768,X25519MLKEM768,True,8.4,affected,rsa1024_sha1.der,,certificate
urn:ecdat:certificate:caa7b77b7822,pki,certificate,legacy.zoo.local,X.509,other,1024,,,1.2.840.113549.1.1.5,high,security,external,True,False,False,legacy-broken,False,5.0,0.5,15.0,'-9.5,ACT_NOW,4.375,76,2026,ML-DSA-65 certificate (re-issue when the CA supports FIPS 204; hybrid/dual certificates during transition),SLH-DSA-SHA2-128s certificate,True,2.2,affected,rsa1024_sha1.der,,certificate|theia
urn:ecdat:algorithm:64bbcd9d9175,pki,algorithm,SHA-1,SHA-1,hash,,,,1.3.14.3.2.26,high,security,external,False,False,False,legacy-broken,False,5.0,3.4,15.0,'-6.6,ACT_NOW,4.375,40,2026,SHA-256,SHA3-256,False,7.5,affected,rsa1024_sha1.der,,certificate|theia
urn:ecdat:certificate:2a1bbba4bb66,pki,certificate,expired.zoo.local,X.509,other,2048,,,1.2.840.113549.1.1.11,high,security,external,True,False,False,broken,True,5.0,0.5,15.0,'-9.5,MONITOR,1.75,76,2029,ML-DSA-65 certificate (re-issue when the CA supports FIPS 204; hybrid/dual certificates during transition),SLH-DSA-SHA2-128s certificate,True,2.2,in_triage,rsa2048_expired.crt,,certificate|theia
urn:ecdat:material:4d0f2a7362a1,pki,related-crypto-material,private-key:RSA,RSA,other,2048,,,,high,security,external,False,True,False,broken,True,5.0,1.0,15.0,'-9.0,MONITOR,1.75,70,2029,,,False,3.6,in_triage,rsa2048_sha256.key,1,certificate|theia
urn:ecdat:material:520bbf47f51d,pki,related-crypto-material,public-key:RSA,RSA,other,2048,,,,medium,security,external,False,True,False,broken,True,5.0,1.0,15.0,'-9.0,MONITOR,1.75,58,2029,,,False,4.4,in_triage,bundle.pem,,theia
urn:ecdat:material:45d36bda6042,pki,related-crypto-material,public-key:RSA,RSA,other,4096,,,,medium,security,external,False,True,False,broken,True,5.0,1.0,15.0,'-9.0,MONITOR,1.75,58,2029,,,False,4.4,in_triage,ca_rsa4096.crt,,theia
urn:ecdat:material:35ec545ef7c7,pki,related-crypto-material,public-key:ECDSA,ECDSA,other,,,,,medium,security,external,False,False,True,broken,False,5.0,1.0,15.0,'-9.0,MONITOR,1.75,58,2029,,,False,4.4,in_triage,ecdsa_p256.crt,,theia
urn:ecdat:material:f0dfdd106403,pki,related-crypto-material,public-key:RSA,RSA,other,1024,,,,medium,security,external,False,True,False,legacy-broken,False,5.0,1.0,15.0,'-9.0,ACT_NOW,4.375,58,2026,,,False,4.4,affected,rsa1024_sha1.der,,theia
urn:ecdat:material:acbed57e621d,pki,related-crypto-material,public-key:RSA,RSA,other,2048,,,,medium,security,external,False,True,False,broken,True,5.0,1.0,15.0,'-9.0,MONITOR,1.75,58,2029,,,False,4.4,in_triage,rsa2048_expired.crt,,theia
urn:ecdat:material:b4b5cdcf32bd,pki,related-crypto-material,public-key:RSA,RSA,other,2048,,,,medium,security,external,False,True,False,broken,True,5.0,1.0,15.0,'-9.0,MONITOR,1.75,58,2029,,,False,4.4,in_triage,rsa2048_sha256.crt,,theia
urn:ecdat:material:7cc061ed7db2,pki,related-crypto-material,unknown:pkcs12-file,,other,,,,,medium,security,external,False,False,False,unknown,False,5.0,1.0,15.0,'-9.0,MONITOR,1.75,58,,,,False,4.4,in_triage,pay.p12,,theia
urn:ecdat:algorithm:9972fef21ff9,zoobin,algorithm,MD5,MD5,hash,,,,1.2.840.113549.2.5,medium,security,internal,False,False,False,legacy-broken,False,5.0,8.0,15.0,'-2.0,ACT_NOW,2.917,25,2026,SHA-256,SHA3-256,False,9.6,affected,libzoocrypto.so,,binary
urn:ecdat:algorithm:0b7b5a264998,zoobin,algorithm,SHA-1,SHA-1,hash,,,,1.3.14.3.2.26,medium,security,internal,False,False,False,legacy-broken,False,5.0,8.0,15.0,'-2.0,ACT_NOW,2.917,25,2026,SHA-256,SHA3-256,False,9.6,affected,libzoocrypto.so,,binary
urn:ecdat:algorithm:b49227d07647,zoobin,algorithm,SHA-256,SHA-2,hash,,,,2.16.840.1.101.3.4.2.1,medium,security,internal,False,False,False,safe,False,5.0,8.0,15.0,'-2.0,SAFE,0.0,25,2033,,,False,0.0,in_triage,libzoocrypto.so,,binary
urn:ecdat:algorithm:a7c476dbafa8,zoobin,algorithm,AES,AES,block-cipher,,,,,medium,security,internal,False,True,False,weakened,True,5.0,8.0,15.0,'-2.0,MONITOR,1.167,25,2029,AES-256,ChaCha20,False,9.6,in_triage,libzoocrypto.so,,binary
urn:ecdat:algorithm:a328728ac6a9,zoobin,algorithm,RSA,RSASSA-PKCS1,pke,,,,1.2.840.113549.1.1.1,medium,security,internal,False,True,False,broken,True,5.0,8.0,15.0,'-2.0,ACT_NOW,2.333,25,2029,ML-KEM-768,X25519MLKEM768,True,9.6,affected,libzoocrypto.so,,binary
urn:ecdat:algorithm:50c8cd7e0096,zoobin,algorithm,SHA-512,SHA-2,hash,,,,2.16.840.1.101.3.4.2.3,medium,security,internal,False,False,False,safe,False,5.0,7.76,15.0,'-2.24,SAFE,0.0,28,,,,False,0.0,in_triage,zoobin,,binary
urn:ecdat:protocol:070a4acc6de0,zoobin,protocol,TLS,TLS,other,,,,,medium,security,internal,True,False,False,broken,True,5.0,1.0,15.0,'-9.0,MONITOR,1.167,57,2029,X25519MLKEM768,ML-KEM-768,True,3.0,in_triage,zoobin,,binary
urn:ecdat:algorithm:7490fb1303fb,zoobin,algorithm,ECDH,ECDH,key-agree,,,,1.3.132.1.12,medium,security,internal,True,False,False,broken,True,5.0,7.76,15.0,'-2.24,ACT_NOW,2.333,28,2029,X25519MLKEM768,ML-KEM-768,True,8.5,affected,zoobin,,binary
urn:ecdat:algorithm:11e471883ac0,zoobin,algorithm,ECDSA,ECDSA,signature,,,,1.2.840.10045.4.3.2,medium,security,internal,False,False,True,broken,False,5.0,7.76,15.0,'-2.24,ACT_NOW,2.333,28,2029,ML-DSA-65,SLH-DSA-SHA2-128s,True,8.5,affected,zoobin,,binary
urn:ecdat:algorithm:f5790db42fa9,zoobin,algorithm,SHA3-256,SHA-3,hash,,,,2.16.840.1.101.3.4.2.8,medium,security,internal,False,False,False,safe,False,5.0,7.76,15.0,'-2.24,SAFE,0.0,28,,,,False,0.0,in_triage,zoobin,,binary
urn:ecdat:algorithm:7bd4c5e81f0f,zoobin,algorithm,ChaCha20,ChaCha20,ae,256,,,1.2.840.113549.1.9.16.3.18,medium,security,internal,False,True,False,safe,False,5.0,7.76,15.0,'-2.24,SAFE,0.0,28,,,,False,0.0,in_triage,zoobin,,binary
urn:ecdat:algorithm:b098c7b21416,pay-image,algorithm,RSA,RSASSA-PKCS1,pke,2048,,,1.2.840.113549.1.1.1,high,security,external,True,False,False,broken,True,10.0,4.44,15.0,'-0.56,ACT_NOW,4.0,14,2029,ML-KEM-768,X25519MLKEM768,True,14.2,affected,image://pay-image/etc/ssl/certs/legacy.der,,binary|certificate|source|theia
urn:ecdat:algorithm:c44cee319925,pay-image,algorithm,SHA-256,SHA-2,hash,,,,2.16.840.1.101.3.4.2.1,high,security,external,False,False,False,safe,False,10.0,4.44,15.0,'-0.56,SAFE,0.0,14,2030,,,False,0.0,in_triage,image://pay-image/etc/ssl/certs/legacy.der,,binary|certificate|source|theia
urn:ecdat:algorithm:1bd7ef59327c,pay-image,algorithm,ECDSA,ECDSA,signature,,,secp256r1,1.2.840.10045.4.3.2,high,security,external,True,False,False,broken,False,10.0,0.5,15.0,'-4.5,MONITOR,2.0,66,2029,ML-DSA-65,SLH-DSA-SHA2-128s,True,3.1,in_triage,image://pay-image/etc/nginx/nginx.conf,8,source|theia
urn:ecdat:algorithm:5452ce856bc3,pay-image,algorithm,AES-256,AES,block-cipher,256,GCM,,2.16.840.1.101.3.4.1.46,high,security,external,True,False,False,safe,False,10.0,3.76,15.0,'-1.24,SAFE,0.0,31,,,,False,0.0,in_triage,image://pay-image/app/payments/auth.py,25,source|theia
urn:ecdat:protocol:81943124d36a,pay-image,protocol,TLS,TLS,other,,,,,high,security,external,True,False,False,broken,True,10.0,0.5,15.0,'-4.5,MONITOR,2.0,81,2029,X25519MLKEM768,ML-KEM-768,True,1.9,in_triage,image://pay-image/etc/nginx/nginx.conf,7,source
urn:ecdat:algorithm:2740bcc3c749,pay-image,algorithm,ECDH,ECDH,key-agree,,,,1.3.132.1.12,high,security,external,True,False,False,broken,True,10.0,0.5,15.0,'-4.5,MONITOR,2.0,68,2029,X25519MLKEM768,ML-KEM-768,True,2.7,in_triage,image://pay-image/etc/nginx/nginx.conf,8,source|theia
urn:ecdat:algorithm:a55c90b9f1d5,pay-image,algorithm,SHA-384,SHA-2,hash,,,,2.16.840.1.101.3.4.2.2,high,security,external,True,False,False,safe,False,10.0,0.5,15.0,'-4.5,SAFE,0.0,68,,,,False,0.0,in_triage,image://pay-image/etc/nginx/nginx.conf,8,source|theia
urn:ecdat:algorithm:56666d36625e,pay-image,algorithm,ChaCha20,ChaCha20,ae,256,,,1.2.840.113549.1.9.16.3.18,high,security,external,True,False,False,safe,False,10.0,0.5,15.0,'-4.5,SAFE,0.0,68,,,,False,0.0,in_triage,image://pay-image/etc/nginx/nginx.conf,8,source|theia
urn:ecdat:protocol:dd145daa3cb9,pay-image,protocol,TLS,TLS,other,,,,,high,security,external,True,False,False,broken,True,10.0,0.5,15.0,'-4.5,MONITOR,2.0,81,2029,X25519MLKEM768,ML-KEM-768,True,1.9,in_triage,image://pay-image/etc/ssl/openssl.cnf,11,source|theia
urn:ecdat:certificate:e4d6dddb6185,pay-image,certificate,expired.zoo.local,X.509,other,2048,,,1.2.840.113549.1.1.11,high,security,external,True,False,False,broken,True,10.0,0.5,15.0,'-4.5,MONITOR,2.0,76,2029,ML-DSA-65 certificate (re-issue when the CA supports FIPS 204; hybrid/dual certificates during transition),SLH-DSA-SHA2-128s certificate,True,2.2,in_triage,image://pay-image/etc/ssl/certs/legacy.der,,certificate|theia
urn:ecdat:certificate:9385606cfa0f,pay-image,certificate,pay.zoo.local,X.509,other,2048,,,1.2.840.113549.1.1.11,high,security,external,True,False,False,broken,True,10.0,0.5,15.0,'-4.5,MONITOR,2.0,76,2029,ML-DSA-65 certificate (re-issue when the CA supports FIPS 204; hybrid/dual certificates during transition),SLH-DSA-SHA2-128s certificate,True,2.2,in_triage,image://pay-image/etc/ssl/certs/pay.crt,1,certificate|theia
urn:ecdat:material:7722723edaf4,pay-image,related-crypto-material,public-key:RSA,RSA,other,2048,,,,medium,security,external,False,True,False,broken,True,10.0,1.0,15.0,'-4.0,MONITOR,2.0,58,2029,,,False,4.4,in_triage,image://pay-image/etc/ssl/certs/legacy.der,,theia
urn:ecdat:material:2e54e5e24e44,pay-image,related-crypto-material,public-key:RSA,RSA,other,2048,,,,medium,security,external,False,True,False,broken,True,10.0,1.0,15.0,'-4.0,MONITOR,2.0,58,2029,,,False,4.4,in_triage,image://pay-image/etc/ssl/certs/pay.crt,,theia
urn:ecdat:algorithm:a5c50f4e342f,pay-image,algorithm,DH,FFDH,key-agree,,,,1.2.840.10046.2.1,medium,security,external,True,False,False,broken,True,10.0,7.76,15.0,2.76,EXPOSED,6.0,28,2029,X25519MLKEM768,ML-KEM-768,True,8.5,affected,image://pay-image/etc/ssl/openssl.cnf,,theia
urn:ecdat:algorithm:e1c2659eed8b,pay-image,algorithm,SHA-1,SHA-1,hash,,,,1.3.14.3.2.26,high,security,external,False,False,False,legacy-broken,False,10.0,8.32,15.0,3.32,ACT_NOW,5.0,21,2026,SHA-256,SHA3-256,False,10.0,affected,image://pay-image/etc/ssl/openssl.cnf,,binary|theia
urn:ecdat:algorithm:f25d54a076c3,pay-image,algorithm,AES-128,AES,block-cipher,128,,,2.16.840.1.101.3.4.1.6,medium,security,external,False,True,False,weakened,True,10.0,7.76,15.0,2.76,ACT_NOW,4.0,28,2029,AES-256,ChaCha20,False,8.5,affected,image://pay-image/etc/ssl/openssl.cnf,,theia
urn:ecdat:algorithm:9271b708ca2d,pay-image,algorithm,MD5,MD5,hash,,,,1.2.840.113549.2.5,medium,security,external,False,False,False,legacy-broken,False,10.0,8.16,15.0,3.16,ACT_NOW,5.0,23,2026,SHA-256,SHA3-256,False,9.0,affected,image://pay-image/usr/lib/libcrypto.so.1.1,,binary
urn:ecdat:algorithm:904784d75b1c,pay-image,algorithm,AES,AES,block-cipher,,,,,medium,security,external,False,True,False,weakened,True,10.0,8.16,15.0,3.16,ACT_NOW,4.0,23,2029,AES-256,ChaCha20,False,9.0,affected,image://pay-image/usr/lib/libcrypto.so.1.1,,binary
urn:ecdat:protocol:e9f1a85888c7,mail-capture,protocol,TLS,TLS,other,,,,,high,security,external,True,False,False,legacy-broken,False,5.0,0.5,15.0,'-9.5,ACT_NOW,4.375,70,2026,X25519MLKEM768,ML-KEM-768,True,2.4,affected,pcap://smtp_starttls.pcap#10.0.0.25:25,,pcap
urn:ecdat:algorithm:55ce7eb05088,mail-capture,algorithm,RSA,RSASSA-PKCS1,pke,,,,1.2.840.113549.1.1.1,high,security,external,True,False,False,broken,True,5.0,3.6,15.0,'-6.4,ACT_NOW,3.5,35,2029,ML-KEM-768,X25519MLKEM768,True,7.9,affected,pcap://smtp_starttls.pcap#10.0.0.25:25,,pcap
urn:ecdat:algorithm:ab74192168e4,mail-capture,algorithm,3DES,3DES,block-cipher,168,CBC,,1.2.840.113549.3.7,high,security,external,True,False,False,legacy-broken,False,5.0,3.6,15.0,'-6.4,ACT_NOW,4.375,35,2026,AES-256-GCM,ChaCha20,False,7.9,affected,pcap://smtp_starttls.pcap#10.0.0.25:25,,pcap
urn:ecdat:algorithm:f786382b766f,mail-capture,algorithm,HMAC,HMAC,mac,,,,1.2.840.113549.2.9,high,security,external,True,False,False,safe,False,5.0,3.6,15.0,'-6.4,SAFE,0.0,35,,,,False,0.0,in_triage,pcap://smtp_starttls.pcap#10.0.0.25:25,,pcap
urn:ecdat:protocol:6d03be90d2aa,web-capture,protocol,TLS,TLS,other,,,,,high,security,external,True,False,False,broken,True,5.0,0.5,15.0,'-9.5,MONITOR,1.75,70,2029,X25519MLKEM768,ML-KEM-768,True,2.4,in_triage,pcap://tls_handshake.pcap#10.0.0.80:443,,pcap
urn:ecdat:algorithm:dc3552221961,web-capture,algorithm,ECDH,ECDH,key-agree,,,,1.3.132.1.12,high,security,external,True,False,False,broken,True,5.0,3.6,15.0,'-6.4,ACT_NOW,3.5,35,2029,X25519MLKEM768,ML-KEM-768,True,7.9,affected,pcap://tls_handshake.pcap#10.0.0.80:443,,pcap
urn:ecdat:algorithm:09e7f57b327e,web-capture,algorithm,AES-256,AES,block-cipher,256,GCM,,2.16.840.1.101.3.4.1.46,high,security,external,True,False,False,safe,False,5.0,3.6,15.0,'-6.4,SAFE,0.0,35,,,,False,0.0,in_triage,pcap://tls_handshake.pcap#10.0.0.80:443,,pcap
urn:ecdat:algorithm:e93ca817227f,web-capture,algorithm,SHA-384,SHA-2,hash,,,,2.16.840.1.101.3.4.2.2,high,security,external,True,False,False,safe,False,5.0,3.6,15.0,'-6.4,SAFE,0.0,35,,,,False,0.0,in_triage,pcap://tls_handshake.pcap#10.0.0.80:443,,pcap
urn:ecdat:certificate:08f0b16a28fa,web-capture,certificate,pay.zoo.local,X.509,other,2048,,,1.2.840.113549.1.1.11,high,security,external,True,False,False,broken,True,5.0,0.5,15.0,'-9.5,MONITOR,1.75,76,2029,ML-DSA-65 certificate (re-issue when the CA supports FIPS 204; hybrid/dual certificates during transition),SLH-DSA-SHA2-128s certificate,True,2.2,in_triage,pcap://tls_handshake.pcap#10.0.0.80:443,,pcap
urn:ecdat:algorithm:901c69e9119e,web-capture,algorithm,RSA,RSASSA-PKCS1,pke,2048,,,1.2.840.113549.1.1.1,high,security,external,True,False,False,broken,True,5.0,3.6,15.0,'-6.4,ACT_NOW,3.5,35,2029,ML-KEM-768,X25519MLKEM768,True,7.9,affected,pcap://tls_handshake.pcap#10.0.0.80:443,,pcap
urn:ecdat:algorithm:12bbc8995afc,web-capture,algorithm,SHA-256,SHA-2,hash,,,,2.16.840.1.101.3.4.2.1,high,security,external,True,False,False,safe,False,5.0,3.4,15.0,'-6.6,SAFE,0.0,40,2033,,,False,0.0,in_triage,pcap://tls_handshake.pcap#10.0.0.80:443,,pcap
urn:ecdat:algorithm:79bd950d8d26,payments-api,algorithm,ECDH,ECDH,key-agree,,,,1.3.132.1.12,low,security,external,True,False,False,broken,True,10.0,3.64,15.0,'-1.36,MONITOR,0.0,34,2029,X25519MLKEM768,ML-KEM-768,True,8.0,in_triage,requirements.txt,,dependency
urn:ecdat:algorithm:ae9fe775ee28,payments-api,algorithm,X25519,ECDH,key-agree,,,,1.3.101.110,low,security,external,True,False,False,broken,True,10.0,3.64,15.0,'-1.36,MONITOR,0.0,34,2029,X25519MLKEM768,ML-KEM-768,True,8.0,in_triage,requirements.txt,,dependency
urn:ecdat:algorithm:90d8d9a91f87,payments-api,algorithm,Ed25519,EdDSA,signature,,,,1.3.101.112,low,security,external,False,False,True,broken,False,10.0,3.64,15.0,'-1.36,MONITOR,0.0,34,2029,ML-DSA-65,SLH-DSA-SHA2-128s,True,8.0,in_triage,requirements.txt,,dependency
urn:ecdat:algorithm:4bdf3a28efee,payments-api,algorithm,DH,FFDH,key-agree,,,,1.2.840.10046.2.1,low,security,external,True,False,False,broken,True,10.0,3.64,15.0,'-1.36,MONITOR,0.0,34,2029,X25519MLKEM768,ML-KEM-768,True,8.0,in_triage,requirements.txt,,dependency
urn:ecdat:algorithm:f5f439bfcb33,payments-api,algorithm,DSA,DSA,signature,,,,1.2.840.10040.4.1,low,security,external,False,False,True,broken,False,10.0,3.64,15.0,'-1.36,MONITOR,0.0,34,2029,ML-DSA-65,SLH-DSA-SHA2-128s,True,8.0,in_triage,requirements.txt,,dependency
urn:ecdat:algorithm:5b298e91da5f,payments-api,algorithm,AES-128,AES,block-cipher,,,,2.16.840.1.101.3.4.1.6,low,security,external,False,True,False,weakened,True,10.0,3.64,15.0,'-1.36,MONITOR,0.0,34,2029,AES-256,ChaCha20,False,8.0,in_triage,requirements.txt,,dependency
urn:ecdat:algorithm:ba229644ed8d,payments-api,algorithm,ChaCha20,ChaCha20,ae,,,,1.2.840.113549.1.9.16.3.18,low,security,external,False,True,False,safe,False,10.0,3.64,15.0,'-1.36,SAFE,0.0,34,,,,False,0.0,in_triage,requirements.txt,,dependency
urn:ecdat:algorithm:7482b9dd1665,payments-api,algorithm,3DES,3DES,block-cipher,,,,1.2.840.113549.3.7,low,security,external,False,True,False,legacy-broken,False,10.0,3.64,15.0,'-1.36,MONITOR,0.0,34,2026,AES-256-GCM,ChaCha20,False,8.0,in_triage,requirements.txt,,dependency
urn:ecdat:algorithm:b2475752f7e4,payments-api,algorithm,SHA-384,SHA-2,hash,,,,2.16.840.1.101.3.4.2.2,low,security,external,False,False,False,safe,False,10.0,3.64,15.0,'-1.36,SAFE,0.0,34,,,,False,0.0,in_triage,requirements.txt,,dependency
urn:ecdat:algorithm:ba7b02b5a316,payments-api,algorithm,SHA-512,SHA-2,hash,,,,2.16.840.1.101.3.4.2.3,low,security,external,False,False,False,safe,False,10.0,3.64,15.0,'-1.36,SAFE,0.0,34,,,,False,0.0,in_triage,requirements.txt,,dependency
urn:ecdat:algorithm:5f6c189e778e,payments-api,algorithm,SHA3-256,SHA-3,hash,,,,2.16.840.1.101.3.4.2.8,low,security,external,False,False,False,safe,False,10.0,3.64,15.0,'-1.36,SAFE,0.0,34,,,,False,0.0,in_triage,requirements.txt,,dependency
urn:ecdat:algorithm:cb3391ccbcac,payments-api,algorithm,HMAC,HMAC,mac,,,,1.2.840.113549.2.9,low,security,external,False,False,False,safe,False,10.0,3.64,15.0,'-1.36,SAFE,0.0,34,,,,False,0.0,in_triage,requirements.txt,,dependency
urn:ecdat:algorithm:63d0e479f564,payments-api,algorithm,PBKDF2,PBKDF2,kdf,,,,1.2.840.113549.1.5.12,low,security,external,False,False,False,safe,False,10.0,3.64,15.0,'-1.36,SAFE,0.0,34,,,,False,0.0,in_triage,requirements.txt,,dependency
urn:ecdat:algorithm:a677cc5a2bfd,payments-api,algorithm,scrypt,scrypt,kdf,,,,1.3.6.1.4.1.11591.4.11,low,security,external,False,False,False,safe,False,10.0,3.64,15.0,'-1.36,SAFE,0.0,34,,,,False,0.0,in_triage,requirements.txt,,dependency
urn:ecdat:algorithm:d23eebed471d,payments-api,algorithm,HKDF,HKDF,kdf,,,,,low,security,external,False,False,False,safe,False,10.0,3.64,15.0,'-1.36,SAFE,0.0,34,,,,False,0.0,in_triage,requirements.txt,,dependency
urn:ecdat:algorithm:17e5f290a646,payments-api,algorithm,DES,DES,block-cipher,,,,1.3.14.3.2.7,low,security,external,False,True,False,legacy-broken,False,10.0,3.64,15.0,'-1.36,MONITOR,0.0,34,2026,AES-256-GCM,ChaCha20,False,8.0,in_triage,requirements.txt,,dependency
urn:ecdat:algorithm:2291c9b35000,payments-api,algorithm,RC4,RC4,stream-cipher,,,,1.2.840.113549.3.4,low,security,external,False,True,False,legacy-broken,False,10.0,3.64,15.0,'-1.36,MONITOR,0.0,34,2026,AES-256-GCM,ChaCha20,False,8.0,in_triage,requirements.txt,,dependency
urn:ecdat:algorithm:c8aaea8f2fe0,payments-api,algorithm,Blowfish,Blowfish,block-cipher,,,,,low,security,external,False,True,False,legacy-broken,False,10.0,3.64,15.0,'-1.36,MONITOR,0.0,34,2026,AES-256-GCM,ChaCha20,False,8.0,in_triage,requirements.txt,,dependency
urn:ecdat:algorithm:9c5f9295e3f1,core-banking,algorithm,ECDH,ECDH,key-agree,,,,1.3.132.1.12,low,security,internal,True,False,False,broken,True,10.0,3.64,15.0,'-1.36,MONITOR,0.0,34,2029,X25519MLKEM768,ML-KEM-768,True,8.0,in_triage,pom.xml,,dependency
urn:ecdat:algorithm:3621ab282516,core-banking,algorithm,X25519,ECDH,key-agree,,,,1.3.101.110,low,security,internal,True,False,False,broken,True,10.0,3.64,15.0,'-1.36,MONITOR,0.0,34,2029,X25519MLKEM768,ML-KEM-768,True,8.0,in_triage,pom.xml,,dependency
urn:ecdat:algorithm:815d0608d6d8,core-banking,algorithm,Ed25519,EdDSA,signature,,,,1.3.101.112,low,security,internal,False,False,True,broken,False,10.0,3.64,15.0,'-1.36,MONITOR,0.0,34,2029,ML-DSA-65,SLH-DSA-SHA2-128s,True,8.0,in_triage,pom.xml,,dependency
urn:ecdat:algorithm:72da96418a23,core-banking,algorithm,DH,FFDH,key-agree,,,,1.2.840.10046.2.1,low,security,internal,True,False,False,broken,True,10.0,3.64,15.0,'-1.36,MONITOR,0.0,34,2029,X25519MLKEM768,ML-KEM-768,True,8.0,in_triage,pom.xml,,dependency
urn:ecdat:algorithm:3d426c6859ac,core-banking,algorithm,DSA,DSA,signature,,,,1.2.840.10040.4.1,low,security,internal,False,False,True,broken,False,10.0,3.64,15.0,'-1.36,MONITOR,0.0,34,2029,ML-DSA-65,SLH-DSA-SHA2-128s,True,8.0,in_triage,pom.xml,,dependency
urn:ecdat:algorithm:c41f2df9f74b,core-banking,algorithm,AES-128,AES,block-cipher,,,,2.16.840.1.101.3.4.1.6,low,security,internal,False,True,False,weakened,True,10.0,3.64,15.0,'-1.36,MONITOR,0.0,34,2029,AES-256,ChaCha20,False,8.0,in_triage,pom.xml,,dependency
urn:ecdat:algorithm:fc007ebb4cac,core-banking,algorithm,AES-256,AES,block-cipher,,,,2.16.840.1.101.3.4.1.46,low,security,internal,False,True,False,safe,False,10.0,3.64,15.0,'-1.36,SAFE,0.0,34,,,,False,0.0,in_triage,pom.xml,,dependency
urn:ecdat:algorithm:faa6832de12d,core-banking,algorithm,ChaCha20,ChaCha20,ae,,,,1.2.840.113549.1.9.16.3.18,low,security,internal,False,True,False,safe,False,10.0,3.64,15.0,'-1.36,SAFE,0.0,34,,,,False,0.0,in_triage,pom.xml,,dependency
urn:ecdat:algorithm:4777da99fb5c,core-banking,algorithm,DES,DES,block-cipher,,,,1.3.14.3.2.7,low,security,internal,False,True,False,legacy-broken,False,10.0,3.64,15.0,'-1.36,MONITOR,0.0,34,2026,AES-256-GCM,ChaCha20,False,8.0,in_triage,pom.xml,,dependency
urn:ecdat:algorithm:00e9aaa951ee,core-banking,algorithm,RC4,RC4,stream-cipher,,,,1.2.840.113549.3.4,low,security,internal,False,True,False,legacy-broken,False,10.0,3.64,15.0,'-1.36,MONITOR,0.0,34,2026,AES-256-GCM,ChaCha20,False,8.0,in_triage,pom.xml,,dependency
urn:ecdat:algorithm:2294f99b0393,core-banking,algorithm,Blowfish,Blowfish,block-cipher,,,,,low,security,internal,False,True,False,legacy-broken,False,10.0,3.64,15.0,'-1.36,MONITOR,0.0,34,2026,AES-256-GCM,ChaCha20,False,8.0,in_triage,pom.xml,,dependency
urn:ecdat:algorithm:ad4eec63011f,core-banking,algorithm,SHA-1,SHA-1,hash,,,,1.3.14.3.2.26,low,security,internal,False,False,False,legacy-broken,False,10.0,3.64,15.0,'-1.36,MONITOR,0.0,34,2026,SHA-256,SHA3-256,False,8.0,in_triage,pom.xml,,dependency
urn:ecdat:algorithm:9bc3580cd6e1,core-banking,algorithm,SHA-256,SHA-2,hash,,,,2.16.840.1.101.3.4.2.1,low,security,internal,False,False,False,safe,False,10.0,3.64,15.0,'-1.36,SAFE,0.0,34,2033,,,False,0.0,in_triage,pom.xml,,dependency
urn:ecdat:algorithm:8977ae3c6850,core-banking,algorithm,SHA-384,SHA-2,hash,,,,2.16.840.1.101.3.4.2.2,low,security,internal,False,False,False,safe,False,10.0,3.64,15.0,'-1.36,SAFE,0.0,34,,,,False,0.0,in_triage,pom.xml,,dependency
urn:ecdat:algorithm:dbf6cb291446,core-banking,algorithm,SHA-512,SHA-2,hash,,,,2.16.840.1.101.3.4.2.3,low,security,internal,False,False,False,safe,False,10.0,3.64,15.0,'-1.36,SAFE,0.0,34,,,,False,0.0,in_triage,pom.xml,,dependency
urn:ecdat:algorithm:7a81fa33bb2d,core-banking,algorithm,SHA3-256,SHA-3,hash,,,,2.16.840.1.101.3.4.2.8,low,security,internal,False,False,False,safe,False,10.0,3.64,15.0,'-1.36,SAFE,0.0,34,,,,False,0.0,in_triage,pom.xml,,dependency
urn:ecdat:algorithm:4b0987c4f4e2,core-banking,algorithm,HMAC,HMAC,mac,,,,1.2.840.113549.2.9,low,security,internal,False,False,False,safe,False,10.0,3.64,15.0,'-1.36,SAFE,0.0,34,,,,False,0.0,in_triage,pom.xml,,dependency
urn:ecdat:algorithm:96362c2c7b48,core-banking,algorithm,PBKDF2,PBKDF2,kdf,,,,1.2.840.113549.1.5.12,low,security,internal,False,False,False,safe,False,10.0,3.64,15.0,'-1.36,SAFE,0.0,34,,,,False,0.0,in_triage,pom.xml,,dependency
urn:ecdat:algorithm:52c7f6b20860,core-banking,algorithm,scrypt,scrypt,kdf,,,,1.3.6.1.4.1.11591.4.11,low,security,internal,False,False,False,safe,False,10.0,3.64,15.0,'-1.36,SAFE,0.0,34,,,,False,0.0,in_triage,pom.xml,,dependency
urn:ecdat:algorithm:3b419f98adb2,core-banking,algorithm,Argon2,Argon2,kdf,,,,,low,security,internal,False,False,False,safe,False,10.0,3.52,15.0,'-1.48,SAFE,0.0,37,,,,False,0.0,in_triage,pom.xml,,dependency
urn:ecdat:algorithm:048f9e1742ce,core-banking,algorithm,ML-KEM-768,ML-KEM,kem,,,,2.16.840.1.101.3.4.4.2,low,security,internal,True,False,False,safe,False,10.0,3.64,15.0,'-1.36,SAFE,0.0,34,2033,,,False,0.0,in_triage,pom.xml,,dependency
urn:ecdat:algorithm:ddad9ec00935,core-banking,algorithm,ML-KEM-1024,ML-KEM,kem,,,,2.16.840.1.101.3.4.4.3,low,security,internal,True,False,False,safe,False,10.0,3.64,15.0,'-1.36,SAFE,0.0,34,,,,False,0.0,in_triage,pom.xml,,dependency
urn:ecdat:algorithm:09225b8f7a02,core-banking,algorithm,ML-DSA-65,ML-DSA,signature,,,,2.16.840.1.101.3.4.3.18,low,security,internal,False,False,True,safe,False,10.0,3.64,15.0,'-1.36,SAFE,0.0,34,2033,,,False,0.0,in_triage,pom.xml,,dependency
urn:ecdat:algorithm:e9cab31a58c1,core-banking,algorithm,ML-DSA-87,ML-DSA,signature,,,,2.16.840.1.101.3.4.3.19,low,security,internal,False,False,True,safe,False,10.0,3.64,15.0,'-1.36,SAFE,0.0,34,,,,False,0.0,in_triage,pom.xml,,dependency
urn:ecdat:algorithm:fc73cb3d63cf,core-banking,algorithm,SLH-DSA,SLH-DSA,signature,,,,2.16.840.1.101.3.4.3.20,low,security,internal,False,False,True,safe,False,10.0,3.64,15.0,'-1.36,SAFE,0.0,34,2033,,,False,0.0,in_triage,pom.xml,,dependency
urn:ecdat:algorithm:239146aee0ea,core-banking,algorithm,FN-DSA,FN-DSA,signature,,,,,low,security,internal,False,False,True,safe,False,10.0,3.64,15.0,'-1.36,SAFE,0.0,34,2033,,,False,0.0,in_triage,pom.xml,,dependency
urn:ecdat:algorithm:471700883ba5,gateway,algorithm,ChaCha20,ChaCha20,ae,,,,1.2.840.113549.1.9.16.3.18,low,security,external,False,True,False,safe,False,5.0,3.64,15.0,'-6.36,SAFE,0.0,34,,,,False,0.0,in_triage,go.mod,,dependency
urn:ecdat:algorithm:e210e0225d2f,gateway,algorithm,Ed25519,EdDSA,signature,,,,1.3.101.112,low,security,external,False,False,True,broken,False,5.0,3.64,15.0,'-6.36,MONITOR,0.0,34,2029,ML-DSA-65,SLH-DSA-SHA2-128s,True,8.0,in_triage,go.mod,,dependency
urn:ecdat:algorithm:baddbeef7f10,gateway,algorithm,X25519,ECDH,key-agree,,,,1.3.101.110,low,security,external,True,False,False,broken,True,5.0,3.64,15.0,'-6.36,MONITOR,0.0,34,2029,X25519MLKEM768,ML-KEM-768,True,8.0,in_triage,go.mod,,dependency
urn:ecdat:algorithm:0f86606a12ef,gateway,algorithm,bcrypt,bcrypt,kdf,,,,,low,security,external,False,False,False,safe,False,5.0,3.52,15.0,'-6.48,SAFE,0.0,37,,,,False,0.0,in_triage,go.mod,,dependency
urn:ecdat:algorithm:82cf6b645f8a,gateway,algorithm,scrypt,scrypt,kdf,,,,1.3.6.1.4.1.11591.4.11,low,security,external,False,False,False,safe,False,5.0,3.64,15.0,'-6.36,SAFE,0.0,34,,,,False,0.0,in_triage,go.mod,,dependency
urn:ecdat:algorithm:c3adc8af58af,gateway,algorithm,Argon2,Argon2,kdf,,,,,low,security,external,False,False,False,safe,False,5.0,3.52,15.0,'-6.48,SAFE,0.0,37,,,,False,0.0,in_triage,go.mod,,dependency
urn:ecdat:algorithm:a075a8a12cb4,gateway,algorithm,PBKDF2,PBKDF2,kdf,,,,1.2.840.113549.1.5.12,low,security,external,False,False,False,safe,False,5.0,3.64,15.0,'-6.36,SAFE,0.0,34,,,,False,0.0,in_triage,go.mod,,dependency
urn:ecdat:algorithm:a077a959c5bc,gateway,algorithm,HKDF,HKDF,kdf,,,,,low,security,external,False,False,False,safe,False,5.0,3.64,15.0,'-6.36,SAFE,0.0,34,,,,False,0.0,in_triage,go.mod,,dependency
urn:ecdat:algorithm:25fc8c1342e3,gateway,algorithm,SHA3-256,SHA-3,hash,,,,2.16.840.1.101.3.4.2.8,low,security,external,False,False,False,safe,False,5.0,3.64,15.0,'-6.36,SAFE,0.0,34,,,,False,0.0,in_triage,go.mod,,dependency
urn:ecdat:algorithm:7b11701d3580,gateway,algorithm,Blowfish,Blowfish,block-cipher,,,,,low,security,external,False,True,False,legacy-broken,False,5.0,3.64,15.0,'-6.36,MONITOR,0.0,34,2026,AES-256-GCM,ChaCha20,False,8.0,in_triage,go.mod,,dependency
urn:ecdat:algorithm:93f68503a5b7,gateway,algorithm,SSH,SSH,other,,,,,low,security,external,False,False,False,unknown,False,5.0,3.64,15.0,'-6.36,MONITOR,0.0,34,,,,False,8.0,in_triage,go.mod,,dependency
urn:ecdat:algorithm:c2d79688313e,web-portal,algorithm,AES-128,AES,block-cipher,,,,2.16.840.1.101.3.4.1.6,low,security,external,False,True,False,weakened,True,7.0,3.64,15.0,'-4.36,MONITOR,0.0,34,2029,AES-256,ChaCha20,False,8.0,in_triage,package.json,,dependency
urn:ecdat:algorithm:ed8a85bf5d99,web-portal,algorithm,3DES,3DES,block-cipher,,,,1.2.840.113549.3.7,low,security,external,False,True,False,legacy-broken,False,7.0,3.64,15.0,'-4.36,MONITOR,0.0,34,2026,AES-256-GCM,ChaCha20,False,8.0,in_triage,package.json,,dependency
urn:ecdat:algorithm:897f81cdb614,web-portal,algorithm,DES,DES,block-cipher,,,,1.3.14.3.2.7,low,security,external,False,True,False,legacy-broken,False,7.0,3.64,15.0,'-4.36,MONITOR,0.0,34,2026,AES-256-GCM,ChaCha20,False,8.0,in_triage,package.json,,dependency
urn:ecdat:algorithm:46756a497eae,web-portal,algorithm,RC4,RC4,stream-cipher,,,,1.2.840.113549.3.4,low,security,external,False,True,False,legacy-broken,False,7.0,3.64,15.0,'-4.36,MONITOR,0.0,34,2026,AES-256-GCM,ChaCha20,False,8.0,in_triage,package.json,,dependency
urn:ecdat:algorithm:c31c6f88f212,web-portal,algorithm,SHA-1,SHA-1,hash,,,,1.3.14.3.2.26,low,security,external,False,False,False,legacy-broken,False,7.0,3.64,15.0,'-4.36,MONITOR,0.0,34,2026,SHA-256,SHA3-256,False,8.0,in_triage,package.json,,dependency
urn:ecdat:algorithm:1722141c7252,web-portal,algorithm,SHA-384,SHA-2,hash,,,,2.16.840.1.101.3.4.2.2,low,security,external,False,False,False,safe,False,7.0,3.64,15.0,'-4.36,SAFE,0.0,34,,,,False,0.0,in_triage,package.json,,dependency
urn:ecdat:algorithm:1ddf8bd0a9a9,web-portal,algorithm,SHA-512,SHA-2,hash,,,,2.16.840.1.101.3.4.2.3,low,security,external,False,False,False,safe,False,7.0,3.64,15.0,'-4.36,SAFE,0.0,34,,,,False,0.0,in_triage,package.json,,dependency
urn:ecdat:algorithm:71b761a239ae,web-portal,algorithm,PBKDF2,PBKDF2,kdf,,,,1.2.840.113549.1.5.12,low,security,external,False,False,False,safe,False,7.0,3.64,15.0,'-4.36,SAFE,0.0,34,,,,False,0.0,in_triage,package.json,,dependency
urn:ecdat:algorithm:5e61bce3e5d6,web-portal,algorithm,TLS,TLS,other,,,,,low,security,external,False,False,False,unknown,False,7.0,3.64,15.0,'-4.36,MONITOR,0.0,34,,,,False,8.0,in_triage,package.json,,dependency
urn:ecdat:algorithm:991ea0b3c5bc,web-portal,algorithm,SHA3-256,SHA-3,hash,,,,2.16.840.1.101.3.4.2.8,low,security,external,False,False,False,safe,False,7.0,3.64,15.0,'-4.36,SAFE,0.0,34,,,,False,0.0,in_triage,package.json,,dependency
urn:ecdat:algorithm:285d30d480f3,web-portal,algorithm,bcrypt,bcrypt,kdf,,,,,low,security,external,False,False,False,safe,False,7.0,3.52,15.0,'-4.48,SAFE,0.0,37,,,,False,0.0,in_triage,package.json,,dependency
urn:ecdat:algorithm:cbba4c8975f6,zoobin,algorithm,X25519,ECDH,key-agree,,,,1.3.101.110,low,security,internal,True,False,False,broken,True,5.0,3.64,15.0,'-6.36,MONITOR,0.0,34,2029,X25519MLKEM768,ML-KEM-768,True,8.0,in_triage,libzoocrypto.so,,dependency
urn:ecdat:algorithm:2f8a81eeee83,zoobin,algorithm,Ed25519,EdDSA,signature,,,,1.3.101.112,low,security,internal,False,False,True,broken,False,5.0,3.64,15.0,'-6.36,MONITOR,0.0,34,2029,ML-DSA-65,SLH-DSA-SHA2-128s,True,8.0,in_triage,libzoocrypto.so,,dependency
urn:ecdat:algorithm:372ad3a1f19d,zoobin,algorithm,DH,FFDH,key-agree,,,,1.2.840.10046.2.1,low,security,internal,True,False,False,broken,True,5.0,3.64,15.0,'-6.36,MONITOR,0.0,34,2029,X25519MLKEM768,ML-KEM-768,True,8.0,in_triage,libzoocrypto.so,,dependency
urn:ecdat:algorithm:0898adc411d8,zoobin,algorithm,DSA,DSA,signature,,,,1.2.840.10040.4.1,low,security,internal,False,False,True,broken,False,5.0,3.64,15.0,'-6.36,MONITOR,0.0,34,2029,ML-DSA-65,SLH-DSA-SHA2-128s,True,8.0,in_triage,libzoocrypto.so,,dependency
urn:ecdat:algorithm:cddce953fa3f,zoobin,algorithm,AES-128,AES,block-cipher,,,,2.16.840.1.101.3.4.1.6,low,security,internal,False,True,False,weakened,True,5.0,3.64,15.0,'-6.36,MONITOR,0.0,34,2029,AES-256,ChaCha20,False,8.0,in_triage,libzoocrypto.so,,dependency
urn:ecdat:algorithm:4b5db022f2e0,zoobin,algorithm,AES-256,AES,block-cipher,,,,2.16.840.1.101.3.4.1.46,low,security,internal,False,True,False,safe,False,5.0,3.64,15.0,'-6.36,SAFE,0.0,34,,,,False,0.0,in_triage,libzoocrypto.so,,dependency
urn:ecdat:algorithm:6fcab42f52ca,zoobin,algorithm,3DES,3DES,block-cipher,,,,1.2.840.113549.3.7,low,security,internal,False,True,False,legacy-broken,False,5.0,3.64,15.0,'-6.36,MONITOR,0.0,34,2026,AES-256-GCM,ChaCha20,False,8.0,in_triage,libzoocrypto.so,,dependency
urn:ecdat:algorithm:a1206b97bd6f,zoobin,algorithm,DES,DES,block-cipher,,,,1.3.14.3.2.7,low,security,internal,False,True,False,legacy-broken,False,5.0,3.64,15.0,'-6.36,MONITOR,0.0,34,2026,AES-256-GCM,ChaCha20,False,8.0,in_triage,libzoocrypto.so,,dependency
urn:ecdat:algorithm:87fa98bdabb8,zoobin,algorithm,RC4,RC4,stream-cipher,,,,1.2.840.113549.3.4,low,security,internal,False,True,False,legacy-broken,False,5.0,3.64,15.0,'-6.36,MONITOR,0.0,34,2026,AES-256-GCM,ChaCha20,False,8.0,in_triage,libzoocrypto.so,,dependency
urn:ecdat:algorithm:ecdedfe98acd,zoobin,algorithm,SHA-384,SHA-2,hash,,,,2.16.840.1.101.3.4.2.2,low,security,internal,False,False,False,safe,False,5.0,3.64,15.0,'-6.36,SAFE,0.0,34,,,,False,0.0,in_triage,libzoocrypto.so,,dependency
urn:ecdat:algorithm:380bfbe17c1a,zoobin,algorithm,HMAC,HMAC,mac,,,,1.2.840.113549.2.9,low,security,internal,False,False,False,safe,False,5.0,3.64,15.0,'-6.36,SAFE,0.0,34,,,,False,0.0,in_triage,libzoocrypto.so,,dependency
urn:ecdat:algorithm:2ce7bf54a05b,zoobin,algorithm,PBKDF2,PBKDF2,kdf,,,,1.2.840.113549.1.5.12,low,security,internal,False,False,False,safe,False,5.0,3.64,15.0,'-6.36,SAFE,0.0,34,,,,False,0.0,in_triage,libzoocrypto.so,,dependency
urn:ecdat:algorithm:905c27624002,zoobin,algorithm,TLS,TLS,other,,,,,low,security,internal,False,False,False,unknown,False,5.0,3.64,15.0,'-6.36,MONITOR,0.0,34,,,,False,8.0,in_triage,libzoocrypto.so,,dependency
urn:ecdat:algorithm:6efe45cecb39,pay-image,algorithm,X25519,ECDH,key-agree,,,,1.3.101.110,low,security,external,True,False,False,broken,True,10.0,3.64,15.0,'-1.36,MONITOR,0.0,34,2029,X25519MLKEM768,ML-KEM-768,True,8.0,in_triage,image://pay-image/app/requirements.txt,,dependency
urn:ecdat:algorithm:1b40bddefef1,pay-image,algorithm,Ed25519,EdDSA,signature,,,,1.3.101.112,low,security,external,False,False,True,broken,False,10.0,3.64,15.0,'-1.36,MONITOR,0.0,34,2029,ML-DSA-65,SLH-DSA-SHA2-128s,True,8.0,in_triage,image://pay-image/app/requirements.txt,,dependency
urn:ecdat:algorithm:1c66d98ba5e6,pay-image,algorithm,DSA,DSA,signature,,,,1.2.840.10040.4.1,low,security,external,False,False,True,broken,False,10.0,3.64,15.0,'-1.36,MONITOR,0.0,34,2029,ML-DSA-65,SLH-DSA-SHA2-128s,True,8.0,in_triage,image://pay-image/app/requirements.txt,,dependency
urn:ecdat:algorithm:56b83f0a28a9,pay-image,algorithm,3DES,3DES,block-cipher,,,,1.2.840.113549.3.7,low,security,external,False,True,False,legacy-broken,False,10.0,3.64,15.0,'-1.36,MONITOR,0.0,34,2026,AES-256-GCM,ChaCha20,False,8.0,in_triage,image://pay-image/app/requirements.txt,,dependency
urn:ecdat:algorithm:d0f4e64b93ce,pay-image,algorithm,SHA-512,SHA-2,hash,,,,2.16.840.1.101.3.4.2.3,low,security,external,False,False,False,safe,False,10.0,3.64,15.0,'-1.36,SAFE,0.0,34,,,,False,0.0,in_triage,image://pay-image/app/requirements.txt,,dependency
urn:ecdat:algorithm:26ce0e95ccd2,pay-image,algorithm,SHA3-256,SHA-3,hash,,,,2.16.840.1.101.3.4.2.8,low,security,external,False,False,False,safe,False,10.0,3.64,15.0,'-1.36,SAFE,0.0,34,,,,False,0.0,in_triage,image://pay-image/app/requirements.txt,,dependency
urn:ecdat:algorithm:c41e37d9a789,pay-image,algorithm,HMAC,HMAC,mac,,,,1.2.840.113549.2.9,low,security,external,False,False,False,safe,False,10.0,3.64,15.0,'-1.36,SAFE,0.0,34,,,,False,0.0,in_triage,image://pay-image/app/requirements.txt,,dependency
urn:ecdat:algorithm:802f8ac59d77,pay-image,algorithm,PBKDF2,PBKDF2,kdf,,,,1.2.840.113549.1.5.12,low,security,external,False,False,False,safe,False,10.0,3.64,15.0,'-1.36,SAFE,0.0,34,,,,False,0.0,in_triage,image://pay-image/app/requirements.txt,,dependency
urn:ecdat:algorithm:d2eb8e8bdedc,pay-image,algorithm,scrypt,scrypt,kdf,,,,1.3.6.1.4.1.11591.4.11,low,security,external,False,False,False,safe,False,10.0,3.64,15.0,'-1.36,SAFE,0.0,34,,,,False,0.0,in_triage,image://pay-image/app/requirements.txt,,dependency
urn:ecdat:algorithm:09c5cffa3af3,pay-image,algorithm,HKDF,HKDF,kdf,,,,,low,security,external,False,False,False,safe,False,10.0,3.64,15.0,'-1.36,SAFE,0.0,34,,,,False,0.0,in_triage,image://pay-image/app/requirements.txt,,dependency
urn:ecdat:algorithm:4564367d3c2f,pay-image,algorithm,DES,DES,block-cipher,,,,1.3.14.3.2.7,low,security,external,False,True,False,legacy-broken,False,10.0,3.64,15.0,'-1.36,MONITOR,0.0,34,2026,AES-256-GCM,ChaCha20,False,8.0,in_triage,image://pay-image/app/requirements.txt,,dependency
urn:ecdat:algorithm:c3c56d30dae5,pay-image,algorithm,RC4,RC4,stream-cipher,,,,1.2.840.113549.3.4,low,security,external,False,True,False,legacy-broken,False,10.0,3.64,15.0,'-1.36,MONITOR,0.0,34,2026,AES-256-GCM,ChaCha20,False,8.0,in_triage,image://pay-image/app/requirements.txt,,dependency
urn:ecdat:algorithm:ab025024a09d,pay-image,algorithm,Blowfish,Blowfish,block-cipher,,,,,low,security,external,False,True,False,legacy-broken,False,10.0,3.64,15.0,'-1.36,MONITOR,0.0,34,2026,AES-256-GCM,ChaCha20,False,8.0,in_triage,image://pay-image/app/requirements.txt,,dependency
urn:ecdat:algorithm:1a8db83e22aa,pay-image,algorithm,TLS,TLS,other,,,,,low,security,external,False,False,False,unknown,False,10.0,3.64,15.0,'-1.36,MONITOR,0.0,34,,,,False,8.0,in_triage,image://pay-image/usr/lib/libcrypto.so.1.1,,dependency
